Designator,Val,Package,Mid X,Mid Y,Rotation,Layer
"U101","AMS1117-3.3","SOT-223-3_TabPin2",180.450000,-111.050000,90.000000,bottom
"U101","AMS1117-3.3","SOT-223-3_TabPin2",151.850000,-111.050000,90.000000,bottom
"U101","AMS1117-3.3","SOT-223-3_TabPin2",123.250000,-111.050000,90.000000,bottom
"U101","AMS1117-3.3","SOT-223-3_TabPin2",180.450000,-68.950000,90.000000,bottom
"U101","AMS1117-3.3","SOT-223-3_TabPin2",151.850000,-68.950000,90.000000,bottom
"U101","AMS1117-3.3","SOT-223-3_TabPin2",123.250000,-68.950000,90.000000,bottom
